1001,Quinn Turner,M,27,NZ,https://randomuser.me/api/portraits/men/1.jpg
1002,Maeva Ginnish,F,23,CA,https://randomuser.me/api/portraits/women/1.jpg
1003,Gavin Perkins,M,24,US,https://randomuser.me/api/portraits/men/2.jpg
1004,Antonio Moreno,M,20,US,https://randomuser.me/api/portraits/men/3.jpg
1005,Marcus Gordon,M,21,AU,https://randomuser.me/api/portraits/men/4.jpg
1006,Mandy Lord,F,24,GB,https://randomuser.me/api/portraits/women/2.jpg
1007,Maddison Smith,F,27,NZ,https://randomuser.me/api/portraits/women/3.jpg
1008,Zoe Knight,F,26,GB,https://randomuser.me/api/portraits/women/4.jpg
1009,Jo Cooper,F,28,US,https://randomuser.me/api/portraits/women/5.jpg
1010,Larry Larson,M,29,US,https://randomuser.me/api/portraits/men/5.jpg
1011,Terrance Chavez,M,20,US,https://randomuser.me/api/portraits/men/6.jpg
1012,William Stevens,M,27,AU,https://randomuser.me/api/portraits/men/7.jpg
1013,Cameron Roberts,M,23,NZ,https://randomuser.me/api/portraits/men/8.jpg
1014,Clyde Lawrence,M,20,US,https://randomuser.me/api/portraits/men/9.jpg
1015,Leonard Smith,M,20,US,https://randomuser.me/api/portraits/men/10.jpg
1016,Lee Burton,M,22,GB,https://randomuser.me/api/portraits/men/11.jpg
1017,Hayley Taylor,F,26,NZ,https://randomuser.me/api/portraits/women/6.jpg
1018,Harper Mitchell,F,20,CA,https://randomuser.me/api/portraits/women/7.jpg
1019,Lily Mitchell,F,23,US,https://randomuser.me/api/portraits/women/8.jpg
1020,Alexander Kelley,M,25,GB,https://randomuser.me/api/portraits/men/12.jpg
1021,Roberto Thomas,M,28,GB,https://randomuser.me/api/portraits/men/13.jpg
1022,Teresa Hall,F,28,GB,https://randomuser.me/api/portraits/women/9.jpg
1023,Daniel Martin,M,26,GB,https://randomuser.me/api/portraits/men/14.jpg
1024,Thomas King,M,27,NZ,https://randomuser.me/api/portraits/men/15.jpg
1025,Edward Beck,M,25,AU,https://randomuser.me/api/portraits/men/16.jpg
1026,Gene Mills,M,21,US,https://randomuser.me/api/portraits/men/17.jpg
1027,Robin Stone,F,22,US,https://randomuser.me/api/portraits/women/10.jpg
1028,Sebastian Hughes,M,26,NZ,https://randomuser.me/api/portraits/men/18.jpg
1029,Paul Hanson,M,29,AU,https://randomuser.me/api/portraits/men/19.jpg
1030,Marilou Lo,F,25,CA,https://randomuser.me/api/portraits/women/11.jpg
1031,Sarah White,F,22,NZ,https://randomuser.me/api/portraits/women/12.jpg
1032,Ryan Wood,M,20,NZ,https://randomuser.me/api/portraits/men/20.jpg
1033,Heather Gordon,F,27,GB,https://randomuser.me/api/portraits/women/13.jpg
1034,Aubree Bishop,F,25,US,https://randomuser.me/api/portraits/women/14.jpg
1035,Anne Gilbert,F,22,AU,https://randomuser.me/api/portraits/women/15.jpg
1036,Savannah Edwards,F,24,NZ,https://randomuser.me/api/portraits/women/16.jpg
1037,Isabelle Douglas,F,27,GB,https://randomuser.me/api/portraits/women/17.jpg
1038,William Ambrose,M,28,CA,https://randomuser.me/api/portraits/men/21.jpg
1039,Daniel Denys,M,27,CA,https://randomuser.me/api/portraits/men/22.jpg
1040,Liam Taylor,M,21,NZ,https://randomuser.me/api/portraits/men/23.jpg
1041,Freya Clarke,F,20,NZ,https://randomuser.me/api/portraits/women/18.jpg
1042,Janet Howell,F,26,GB,https://randomuser.me/api/portraits/women/19.jpg
1043,Sylvia Day,F,21,US,https://randomuser.me/api/portraits/women/20.jpg
1044,Addison Singh,F,25,NZ,https://randomuser.me/api/portraits/women/21.jpg
1045,Nathan Lee,M,20,NZ,https://randomuser.me/api/portraits/men/24.jpg
1046,Dawn Baker,F,28,AU,https://randomuser.me/api/portraits/women/22.jpg
1047,Simon Tremblay,M,20,CA,https://randomuser.me/api/portraits/men/25.jpg
1048,Justine Chu,F,27,CA,https://randomuser.me/api/portraits/women/23.jpg
1049,Elliot Claire,M,22,CA,https://randomuser.me/api/portraits/men/26.jpg
1050,Wade Garza,M,24,AU,https://randomuser.me/api/portraits/men/27.jpg
1051,Aubree Anderson,F,21,CA,https://randomuser.me/api/portraits/women/24.jpg
1052,Beth Holland,F,24,AU,https://randomuser.me/api/portraits/women/25.jpg
1053,Justine Miller,F,22,CA,https://randomuser.me/api/portraits/women/26.jpg
1054,Sergio Sims,M,29,US,https://randomuser.me/api/portraits/men/28.jpg
1055,Antoine Ennis,M,30,CA,https://randomuser.me/api/portraits/men/29.jpg
1056,Arron Hansen,M,23,US,https://randomuser.me/api/portraits/men/30.jpg
1057,Judith Lane,F,20,GB,https://randomuser.me/api/portraits/women/27.jpg
1058,Beatrice Mackay,F,24,CA,https://randomuser.me/api/portraits/women/28.jpg
1059,Theo Clark,M,25,CA,https://randomuser.me/api/portraits/men/31.jpg
1060,Keith Dixon,M,28,AU,https://randomuser.me/api/portraits/men/32.jpg
1061,William Lawrence,M,22,US,https://randomuser.me/api/portraits/men/33.jpg
1062,Lisa Garrett,F,30,AU,https://randomuser.me/api/portraits/women/29.jpg
1063,Abigail Jensen,F,27,US,https://randomuser.me/api/portraits/women/30.jpg
1064,Scott Fletcher,M,30,AU,https://randomuser.me/api/portraits/men/34.jpg
1065,Alvin Watson,M,24,US,https://randomuser.me/api/portraits/men/35.jpg
1066,Emily Ouellet,F,25,CA,https://randomuser.me/api/portraits/women/31.jpg
1067,Isabella Ambrose,F,22,CA,https://randomuser.me/api/portraits/women/32.jpg
1068,Leah Burke,F,25,US,https://randomuser.me/api/portraits/women/33.jpg
1069,Same Ellis,M,25,GB,https://randomuser.me/api/portraits/men/36.jpg
1070,Debra Lopez,F,29,GB,https://randomuser.me/api/portraits/women/34.jpg
1071,Alexis Clark,F,20,CA,https://randomuser.me/api/portraits/women/35.jpg
1072,Benjamin Bouchard,M,30,CA,https://randomuser.me/api/portraits/men/37.jpg
1073,Simon White,M,27,CA,https://randomuser.me/api/portraits/men/38.jpg
1074,Brooklyn Collins,F,20,US,https://randomuser.me/api/portraits/women/36.jpg
1075,Sharon Ellis,F,27,GB,https://randomuser.me/api/portraits/women/37.jpg
1076,Leona Bradley,F,20,AU,https://randomuser.me/api/portraits/women/38.jpg
1077,Lillian Holland,F,30,AU,https://randomuser.me/api/portraits/women/39.jpg
1078,Freya King,F,30,NZ,https://randomuser.me/api/portraits/women/40.jpg
1079,Robert Cunningham,M,23,GB,https://randomuser.me/api/portraits/men/39.jpg
1080,Dwayne Mccoy,M,22,GB,https://randomuser.me/api/portraits/men/40.jpg
1081,Melanie Kennedy,F,25,US,https://randomuser.me/api/portraits/women/41.jpg
1082,Louise Lucas,F,30,US,https://randomuser.me/api/portraits/women/42.jpg
1083,Scott Lopez,M,25,AU,https://randomuser.me/api/portraits/men/41.jpg
1084,Ruben Mckinney,M,24,AU,https://randomuser.me/api/portraits/men/42.jpg
1085,Kayla Kumar,F,21,NZ,https://randomuser.me/api/portraits/women/43.jpg
1086,Ella Anderson,F,20,NZ,https://randomuser.me/api/portraits/women/44.jpg
1087,Angela Fox,F,29,GB,https://randomuser.me/api/portraits/women/45.jpg
1088,Jordan Johnson,M,22,NZ,https://randomuser.me/api/portraits/men/43.jpg
1089,Jeanne Simmons,F,21,AU,https://randomuser.me/api/portraits/women/46.jpg
1090,Katie Newman,F,21,US,https://randomuser.me/api/portraits/women/47.jpg
1091,Victor Richard,M,29,CA,https://randomuser.me/api/portraits/men/44.jpg
1092,Samantha Clarke,F,28,NZ,https://randomuser.me/api/portraits/women/48.jpg
1093,Philippe Andersen,M,27,CA,https://randomuser.me/api/portraits/men/45.jpg
1094,Seth Carpenter,M,20,AU,https://randomuser.me/api/portraits/men/46.jpg
1095,Jessica Johnson,F,21,NZ,https://randomuser.me/api/portraits/women/49.jpg
1096,Anna Simmons,F,20,GB,https://randomuser.me/api/portraits/women/50.jpg
1097,Micheal Taylor,M,28,NZ,https://randomuser.me/api/portraits/men/47.jpg
1098,Luke Singh,M,22,NZ,https://randomuser.me/api/portraits/men/48.jpg
1099,Alexander Wilson,M,22,GB,https://randomuser.me/api/portraits/men/49.jpg
1100,Brandon Richardson,M,28,GB,https://randomuser.me/api/portraits/men/50.jpg
